epoch,learning_rate,load_loss,loss,price_loss,val_load_loss,val_loss,val_price_loss
0,0.0010000000474974513,0.1567932516336441,0.23957976698875427,0.13797752559185028,0.11822059005498886,0.18352361023426056,0.10843124240636826
1,0.0010000000474974513,0.11881406605243683,0.19010581076145172,0.11881958693265915,0.11600837856531143,0.18034519255161285,0.1072346568107605
2,0.0010000000474974513,0.11180205643177032,0.1811354011297226,0.11555565893650055,0.10605176538228989,0.17024707794189453,0.10690075159072876
3,0.0010000000474974513,0.10760995745658875,0.1759432554244995,0.1138889342546463,0.11407455801963806,0.1783946305513382,0.10624613612890244
4,0.0010000000474974513,0.10439405590295792,0.1720215082168579,0.11271258443593979,0.11079758405685425,0.17496570944786072,0.10610470175743103
5,0.0010000000474974513,0.10225582122802734,0.16937537491321564,0.11186601966619492,0.11135521531105042,0.17530040442943573,0.10523972660303116
6,0.0010000000474974513,0.09995124489068985,0.16665343940258026,0.11117030680179596,0.11899469047784805,0.1834741085767746,0.10565906763076782
7,0.0010000000474974513,0.09836579859256744,0.1645800918340683,0.1103571355342865,0.11609566956758499,0.1793309450149536,0.10477250069379807
8,0.0010000000474974513,0.09674568474292755,0.162584587931633,0.10973158478736877,0.12876561284065247,0.1924920380115509,0.10540938377380371
9,0.0005000000237487257,0.09460462629795074,0.16015121340751648,0.10924426466226578,0.1217883750796318,0.185734361410141,0.10524239391088486
10,0.0005000000237487257,0.09357839077711105,0.15884330868721008,0.10877485573291779,0.12130353599786758,0.18517035245895386,0.10533782094717026
11,0.0005000000237487257,0.09248532354831696,0.15752077102661133,0.10839251428842545,0.12958864867687225,0.1940097063779831,0.1064394935965538
12,0.0005000000237487257,0.09170285612344742,0.15645959973335266,0.10792779922485352,0.1258767545223236,0.19016548991203308,0.10611026734113693
13,0.0005000000237487257,0.09058394283056259,0.1551227569580078,0.10756461322307587,0.12749557197093964,0.19209803640842438,0.10631946474313736
14,0.0005000000237487257,0.08980601280927658,0.154104083776474,0.10716339945793152,0.12701676785945892,0.1918540894985199,0.10707592964172363
15,0.0002500000118743628,0.08889492601156235,0.1530432552099228,0.10691392421722412,0.11673989146947861,0.18044327199459076,0.10584639757871628
16,0.0002500000118743628,0.08821661025285721,0.15210065245628357,0.10647325217723846,0.12210998684167862,0.18649764358997345,0.10644695162773132
17,0.0002500000118743628,0.08764379471540451,0.1514699012041092,0.10637692362070084,0.12433695793151855,0.18860594928264618,0.10648315399885178
18,0.0002500000118743628,0.0870385617017746,0.15054096281528473,0.10583745688199997,0.12725582718849182,0.19204849004745483,0.10767504572868347
19,0.0002500000118743628,0.0866958498954773,0.15008015930652618,0.10564052313566208,0.1310347467660904,0.1957128494977951,0.10754918307065964
20,0.0002500000118743628,0.08617354184389114,0.14950673282146454,0.1055552288889885,0.13199856877326965,0.19747552275657654,0.1086980476975441
21,0.0001250000059371814,0.08601223677396774,0.14931410551071167,0.10550304502248764,0.11908018589019775,0.18400827050209045,0.10837066173553467
22,0.0001250000059371814,0.08538234233856201,0.1484723538160324,0.1051500216126442,0.1180906817317009,0.18282844126224518,0.10827380418777466
23,0.0001250000059371814,0.08502402156591415,0.14796222746372223,0.10489681363105774,0.12104102224111557,0.18605415523052216,0.10909175127744675
24,0.0001250000059371814,0.08487554639577866,0.1477428674697876,0.10477881133556366,0.12289857864379883,0.1882423311471939,0.10887707024812698
25,0.0001250000059371814,0.08464968204498291,0.14751383662223816,0.10477374494075775,0.12309447675943375,0.18864214420318604,0.1094571053981781
26,0.0001250000059371814,0.08417556434869766,0.1467827707529068,0.10434526950120926,0.1259562224149704,0.19169677793979645,0.11015188694000244
27,6.25000029685907e-05,0.08424723893404007,0.14700375497341156,0.10459423065185547,0.11306396871805191,0.17804555594921112,0.1088457703590393
