epoch,learning_rate,loss,val_loss
0,0.0007999999797903001,0.028096415102481842,0.015181559138000011
1,0.0007999999797903001,0.012248978018760681,0.013556406833231449
2,0.0007999999797903001,0.01004441361874342,0.013020267710089684
3,0.0007999999797903001,0.008706157095730305,0.012401995249092579
4,0.0007999999797903001,0.0077794697135686874,0.012034977786242962
5,0.0007999999797903001,0.0070386310108006,0.011021902784705162
6,0.0007999999797903001,0.00646964879706502,0.011088370345532894
7,0.0007999999797903001,0.0059950221329927444,0.010705618187785149
8,0.0007999999797903001,0.005586971063166857,0.010458189062774181
9,0.0007999999797903001,0.005219755228608847,0.010427937842905521
10,0.0007999999797903001,0.004860900342464447,0.01073956023901701
11,0.0007999999797903001,0.004638826008886099,0.010598164983093739
12,0.0007999999797903001,0.004311677068471909,0.009716715663671494
13,0.0007999999797903001,0.004122100304812193,0.010825220495462418
14,0.0007999999797903001,0.0038556104991585016,0.010717482306063175
15,0.0007999999797903001,0.0036711464636027813,0.010442377999424934
16,0.0007999999797903001,0.0034775729291141033,0.009891167283058167
17,0.0007999999797903001,0.0033058668486773968,0.00969733390957117
18,0.0007999999797903001,0.0031830992083996534,0.010506764054298401
19,0.00039999998989515007,0.002830820856615901,0.00932369939982891
20,0.00039999998989515007,0.0027513892855495214,0.00982180330902338
21,0.00039999998989515007,0.0026909138541668653,0.009112702682614326
22,0.00039999998989515007,0.002623199950903654,0.00930500403046608
23,0.00039999998989515007,0.0025539679918438196,0.008844547905027866
24,0.00039999998989515007,0.00250063743442297,0.009303119033575058
25,0.00039999998989515007,0.002454932313412428,0.009262931533157825
26,0.00039999998989515007,0.002394669456407428,0.009441785514354706
27,0.00039999998989515007,0.0023462921380996704,0.009056280367076397
28,0.00039999998989515007,0.0022918786853551865,0.009469964541494846
29,0.00039999998989515007,0.00224099587649107,0.008929368108510971
30,0.00019999999494757503,0.002100038342177868,0.009324084036052227
31,0.00019999999494757503,0.0020816423930227757,0.008998236618936062
32,0.00019999999494757503,0.0020495622884482145,0.008962719701230526
33,0.00019999999494757503,0.0020210137590765953,0.009408547542989254
34,0.00019999999494757503,0.0020095191430300474,0.009757980704307556
35,0.00019999999494757503,0.0019872733391821384,0.009539255872368813
36,9.999999747378752e-05,0.001910711289383471,0.009027022868394852
37,9.999999747378752e-05,0.0018933421233668923,0.008964505977928638
38,9.999999747378752e-05,0.00189298449549824,0.009055253118276596
39,9.999999747378752e-05,0.0018656363245099783,0.009035410359501839
