epoch,learning_rate,loss,mae_ratio,val_loss,val_mae_ratio
0,0.00039999998989515007,0.03303847089409828,0.1605517566204071,0.014356260187923908,0.08051174879074097
1,0.00039999998989515007,0.014931948855519295,0.06603514403104782,0.014545620419085026,0.05879756435751915
2,0.00039999998989515007,0.012617108412086964,0.05347514525055885,0.013405698351562023,0.04977846518158913
3,0.00039999998989515007,0.011397180147469044,0.04759436473250389,0.011460979469120502,0.04380631446838379
4,0.00039999998989515007,0.010972828604280949,0.04433652386069298,0.013217813335359097,0.044321149587631226
5,0.00039999998989515007,0.010323786176741123,0.04184785857796669,0.01131009217351675,0.039726633578538895
6,0.00039999998989515007,0.009961772710084915,0.04006714001297951,0.009871876798570156,0.03723473846912384
7,0.00039999998989515007,0.009466754272580147,0.0386371985077858,0.011164350435137749,0.038534510880708694
8,0.00039999998989515007,0.009166177362203598,0.03740917891263962,0.009764173068106174,0.03598776459693909
9,0.00039999998989515007,0.008982652798295021,0.03664792329072952,0.01064995490014553,0.03738541528582573
10,0.00039999998989515007,0.008574765175580978,0.035530272871255875,0.010818971320986748,0.036590151488780975
11,0.00039999998989515007,0.008362328633666039,0.03481870889663696,0.010798661038279533,0.036289311945438385
12,0.00039999998989515007,0.008023155853152275,0.03396753966808319,0.010201619006693363,0.03540662303566933
13,0.00039999998989515007,0.00772137613967061,0.033088430762290955,0.01039109006524086,0.03524332493543625
14,0.00039999998989515007,0.00753379100933671,0.032344281673431396,0.009916325099766254,0.03447892516851425
15,0.00039999998989515007,0.007189140655100346,0.03139634057879448,0.010342536494135857,0.03443341329693794
16,0.00019999999494757503,0.006991904694586992,0.03073032945394516,0.010475329123437405,0.03454022854566574
17,0.00019999999494757503,0.00681326724588871,0.03026779741048813,0.010102776810526848,0.03398402780294418
18,0.00019999999494757503,0.006744176149368286,0.03002890571951866,0.010196720249950886,0.034000854939222336
19,0.00019999999494757503,0.006565225776284933,0.02947116270661354,0.01005297526717186,0.033796899020671844
20,0.00019999999494757503,0.0065079182386398315,0.029190341010689735,0.0099161546677351,0.03331412002444267
21,0.00019999999494757503,0.006289110518991947,0.02879907563328743,0.010259019210934639,0.03352908790111542
22,0.00019999999494757503,0.0061859143897891045,0.02844909392297268,0.010600092820823193,0.03425675258040428
23,9.999999747378752e-05,0.006080842576920986,0.02811650186777115,0.009776144288480282,0.032666053622961044
24,9.999999747378752e-05,0.00604584626853466,0.02804437465965748,0.009943949989974499,0.03279799595475197
