,temperature,humidity,wind_speed,wind_direction,pressure,cloud_type,cloud_low,cloud_mid,cloud_high,precipitable_water,dni,dhi,direct_horizontal,hour,month,ghi
temperature,1.0,-0.016,-0.076,-0.097,-0.187,0.026,-0.083,-0.099,0.075,0.024,0.286,0.368,0.375,0.132,0.274,0.417
humidity,-0.016,1.0,-0.222,-0.225,-0.169,0.284,0.393,0.217,0.202,0.248,-0.62,-0.394,-0.596,-0.239,0.121,-0.599
wind_speed,-0.076,-0.222,1.0,0.113,-0.249,0.031,0.097,0.109,-0.024,0.127,0.053,0.092,0.058,0.076,-0.068,0.076
wind_direction,-0.097,-0.225,0.113,1.0,-0.094,-0.263,-0.208,-0.184,-0.242,-0.123,0.109,-0.043,0.079,-0.035,-0.025,0.048
pressure,-0.187,-0.169,-0.249,-0.094,1.0,-0.166,-0.194,-0.243,-0.028,-0.173,0.091,-0.055,0.047,-0.027,0.052,0.019
cloud_type,0.026,0.284,0.031,-0.263,-0.166,1.0,0.516,0.595,0.717,0.2,-0.305,0.165,-0.224,0.014,-0.058,-0.12
cloud_low,-0.083,0.393,0.097,-0.208,-0.194,0.516,1.0,0.38,0.137,0.268,-0.269,0.063,-0.222,-0.036,-0.037,-0.153
cloud_mid,-0.099,0.217,0.109,-0.184,-0.243,0.595,0.38,1.0,0.34,0.308,-0.289,0.059,-0.223,0.027,-0.089,-0.154
cloud_high,0.075,0.202,-0.024,-0.242,-0.028,0.717,0.137,0.34,1.0,0.192,-0.208,0.074,-0.157,0.013,-0.019,-0.098
precipitable_water,0.024,0.248,0.127,-0.123,-0.173,0.2,0.268,0.308,0.192,1.0,-0.128,-0.035,-0.103,0.002,0.01,-0.093
dni,0.286,-0.62,0.053,0.109,0.091,-0.305,-0.269,-0.289,-0.208,-0.128,1.0,0.467,0.914,0.162,-0.01,0.872
dhi,0.368,-0.394,0.092,-0.043,-0.055,0.165,0.063,0.059,0.074,-0.035,0.467,1.0,0.524,0.189,-0.061,0.745
direct_horizontal,0.375,-0.596,0.058,0.079,0.047,-0.224,-0.222,-0.223,-0.157,-0.103,0.914,0.524,1.0,0.137,-0.027,0.958
hour,0.132,-0.239,0.076,-0.035,-0.027,0.014,-0.036,0.027,0.013,0.002,0.162,0.189,0.137,1.0,-0.0,0.171
month,0.274,0.121,-0.068,-0.025,0.052,-0.058,-0.037,-0.089,-0.019,0.01,-0.01,-0.061,-0.027,-0.0,1.0,-0.041
ghi,0.417,-0.599,0.076,0.048,0.019,-0.12,-0.153,-0.154,-0.098,-0.093,0.872,0.745,0.958,0.171,-0.041,1.0
