feature,importance,importance_pct,cumulative_pct
direct_horizontal,0.8854679542302308,88.55,88.55
dhi,0.11451968323214307,11.45,100.0
dni,4.29393747152856e-06,0.0,100.0
wind_speed,1.0177109757668233e-06,0.0,100.0
pressure,9.774573378097748e-07,0.0,100.0
wind_direction,9.667584066054233e-07,0.0,100.0
humidity,8.87531820308288e-07,0.0,100.0
temperature,8.67984530228941e-07,0.0,100.0
cloud_mid,7.061388778047423e-07,0.0,100.0
cloud_type,5.86939619035415e-07,0.0,100.0
cloud_low,5.708387710696039e-07,0.0,100.0
cloud_high,5.023391832131898e-07,0.0,100.0
hour,4.463684362331677e-07,0.0,100.0
month,4.4521601499813394e-07,0.0,100.0
precipitable_water,9.331618152907444e-08,0.0,100.0
